{
  "black": {
    "value": "#121011",
    "type": "color",
    "alias": "isAlias"
  },
  "dark": {
    "value": "#1b191a",
    "type": "color",
    "alias": "isAlias"
  },
  "medium-dark": {
    "value": "#2b2a2b",
    "type": "color",
    "alias": "isAlias"
  },
  "light-dark": {
    "value": "#343434",
    "type": "color",
    "alias": "isAlias"
  },
  "gray": {
    "value": "#434343",
    "type": "color",
    "alias": "isAlias"
  },
  "clash-gold": {
    "value": "#bb9370",
    "type": "color",
    "alias": "isAlias"
  },
  "gold": {
    "value": "#d4bb93",
    "type": "color",
    "alias": "isAlias"
  },
  "light-gold": {
    "value": "#e7d5b9",
    "type": "color",
    "alias": "isAlias"
  },
  "eggshell": {
    "value": "#f1e6d2",
    "type": "color",
    "alias": "isAlias"
  },
  "off-white": {
    "value": "#fff7eb",
    "type": "color",
    "alias": "isAlias"
  },
  "marsala": {
    "value": "#9E1334",
    "type": "color",
    "alias": "isAlias"
  },
  "red": {
    "value": "#D00132",
    "type": "color",
    "alias": "isAlias"
  },
  "ruby": {
    "value": "#ED1A4C",
    "type": "color",
    "alias": "isAlias"
  },
  "blue": {
    "value": "#127BAD",
    "type": "color",
    "alias": "isAlias"
  },
  "sky": {
    "value": "#57B5E3",
    "type": "color",
    "alias": "isAlias"
  },
  "color": {
    "text": {
      "primary": {
        "value": "#e7d5b9",
        "type": "color"
      },
      "secondary": {
        "value": "#e7d5b999",
        "type": "color"
      },
      "tertiary": {
        "value": "#434343",
        "type": "color"
      },
      "button": {
        "solid": {
          "disabled": {
            "value": "#434343",
            "type": "color"
          },
          "default": {
            "value": "#e7d5b9",
            "type": "color"
          }
        },
        "outline": {
          "default": {
            "value": "#e7d5b9",
            "type": "color"
          },
          "dissabled": {
            "value": "#434343",
            "type": "color"
          }
        }
      },
      "badge": {
        "primary": {
          "value": "#e7d5b9",
          "type": "color"
        }
      },
      "timer": {
        "primary": {
          "value": "#e7d5b9",
          "type": "color"
        }
      },
      "input": {
        "primary": {
          "default": {
            "value": "#e7d5b999",
            "type": "color"
          },
          "filled": {
            "value": "#e7d5b9",
            "type": "color"
          },
          "disabled": {
            "value": "#434343",
            "type": "color"
          },
          "error": {
            "value": "#ED1A4C",
            "type": "color"
          }
        }
      },
      "dropdown": {
        "primary": {
          "active": {
            "value": "#e7d5b9",
            "type": "color"
          },
          "disabled": {
            "value": "#e7d5b966",
            "type": "color"
          },
          "default": {
            "value": "#e7d5b9",
            "type": "color"
          }
        }
      }
    },
    "background": {
      "button": {
        "solid": {
          "default": {
            "value": "linear-gradient(360deg, #343434 0%, #34343400 100%)",
            "type": "color"
          },
          "hover": {
            "value": "linear-gradient(180deg, #34343400 0%, #bb9370 100%)",
            "type": "color"
          },
          "pressed": {
            "value": "linear-gradient(180deg, #1b191a 0%, #bb9370 100%)",
            "type": "color"
          }
        },
        "circle": {
          "default": {
            "value": "#121011",
            "type": "color"
          },
          "active": {
            "value": "linear-gradient(360deg, #121011 0%, #343434 100%)",
            "type": "color"
          }
        },
        "outline": {
          "default": {
            "value": "linear-gradient(360deg,#121011 0%, #343434 115%)",
            "type": "color"
          },
          "hover": {
            "value": "linear-gradient(180deg, #34343400 0%, #bb9370 100%)",
            "type": "color"
          },
          "pressed": {
            "value": "linear-gradient(180deg, #1b191a 0%, #bb9370 100%)",
            "type": "color"
          },
          "dissabled": {
            "value": "linear-gradient(360deg, #1b191a 0%, #343434 100%)",
            "type": "color"
          }
        }
      },
      "icon": {
        "primary": {
          "default": {
            "value": "linear-gradient(180deg, #fff7eb 0%, #d4bb93 100%)",
            "type": "color"
          },
          "disabled": {
            "value": "#434343",
            "type": "color"
          }
        }
      },
      "badge": {
        "primary": {
          "value": "linear-gradient(180deg, #34343400 0%, #bb9370 100%)",
          "type": "color"
        },
        "secondary": {
          "value": "linear-gradient(180deg, #34343400 0%, #343434 100%)",
          "type": "color"
        }
      },
      "primary": {
        "value": "#121011",
        "type": "color"
      },
      "additional": {
        "value": "linear-gradient(180deg, #12101100 0%, #2b2a2b 100%)",
        "type": "color"
      },
      "divider": {
        "secondary": {
          "value": "linear-gradient(270deg, #121011 0%, #434343 50%, #121011 100%)",
          "type": "color"
        },
        "additional": {
          "value": "#343434",
          "type": "color"
        },
        "primary": {
          "value": "linear-gradient(270deg, #f1e6d200 35%, #f1e6d2 50%, #f1e6d200 65%)",
          "type": "color"
        },
        "accent": {
          "value": "linear-gradient(270deg, #f1e6d200 0%, #f1e6d2 50%, #f1e6d200 100%)",
          "type": "color"
        }
      },
      "timer": {
        "default": {
          "value": "linear-gradient(180deg, #fff7eb 0%, #d4bb93 100%)",
          "type": "color"
        },
        "warning": {
          "value": "linear-gradient(180deg, #ED1A4C 0%, #D00132 100%)",
          "type": "color"
        }
      },
      "radio": {
        "unchecked": {
          "default": {
            "value": "linear-gradient(360deg, #121011 0%, #343434 100%)",
            "type": "color"
          }
        },
        "checked": {
          "default": {
            "value": "linear-gradient(360deg, #121011 0%, #343434 100%)",
            "type": "color"
          }
        },
        "circle": {
          "checked": {
            "default": {
              "value": "#e7d5b9",
              "type": "color"
            },
            "hover": {
              "value": "#d4bb93",
              "type": "color"
            },
            "pressed": {
              "value": "#e7d5b9",
              "type": "color"
            },
            "disabled": {
              "value": "#434343",
              "type": "color"
            }
          }
        }
      },
      "toggle": {
        "unchecked": {
          "default": {
            "value": "#434343",
            "type": "color"
          }
        },
        "circle": {
          "unchecked": {
            "default": {
              "value": "linear-gradient(180deg, #fff7eb 0%, #d4bb93 100%)",
              "type": "color"
            },
            "hover": {
              "value": "linear-gradient(180deg, #fff7eb 0%, #bb9370 100%)",
              "type": "color"
            },
            "pressed": {
              "value": "linear-gradient(180deg, #fff7eb 0%, #e7d5b9 100%)",
              "type": "color"
            },
            "disabled": {
              "value": "linear-gradient(360deg, #434343 0%, #343434 100%)",
              "type": "color"
            }
          },
          "checked": {
            "default": {
              "value": "linear-gradient(180deg, #fff7eb 0%, #d4bb93 100%)",
              "type": "color"
            },
            "hover": {
              "value": "linear-gradient(180deg, #fff7eb 0%, #bb9370 100%)",
              "type": "color"
            },
            "pressed": {
              "value": "linear-gradient(180deg, #fff7eb 0%, #e7d5b9 100%)",
              "type": "color"
            },
            "disabled": {
              "value": "linear-gradient(360deg, #434343 0%, #343434 100%)",
              "type": "color"
            }
          }
        },
        "checked": {
          "default": {
            "value": "#d4bb93",
            "type": "color"
          },
          "disabled": {
            "value": "#434343",
            "type": "color"
          }
        }
      },
      "slider": {
        "default": {
          "value": "#434343",
          "type": "color"
        },
        "active": {
          "value": "#d4bb93",
          "type": "color"
        },
        "handle": {
          "default": {
            "value": "linear-gradient(180deg, #fff7eb 0%, #d4bb93 100%)",
            "type": "color"
          },
          "hover": {
            "value": "linear-gradient(180deg, #fff7eb 0%, #bb9370 100%)",
            "type": "color"
          },
          "pressed": {
            "value": "linear-gradient(180deg, #fff7eb 0%, #e7d5b9 100%)",
            "type": "color"
          }
        }
      },
      "modal": {
        "body": {
          "value": "linear-gradient(180deg, #121011 40%, #34343433 100%)",
          "type": "color"
        },
        "header": {
          "value": "linear-gradient(360deg, #121011 0%, #343434 100%)",
          "type": "color"
        }
      },
      "toast": {
        "primary": {
          "value": "linear-gradient(90deg, #12101100 0%, #121011 25%, #121011 65%, #12101100 100%)",
          "type": "color"
        },
        "secondary": {
          "value": "linear-gradient(90deg, #12101100 0%, #121011cc 50%, #12101100 100%)",
          "type": "color"
        }
      },
      "input": {
        "primary": {
          "default": {
            "value": "linear-gradient(360deg, #121011 0%, #343434 100%)",
            "type": "color"
          }
        }
      },
      "dropdown": {
        "primary": {
          "default": {
            "value": "#343434",
            "type": "color"
          },
          "active": {
            "value": "#12101199",
            "type": "color"
          },
          "hover": {
            "value": "#12101199",
            "type": "color"
          }
        }
      }
    },
    "border": {
      "button": {
        "solid": {
          "default": {
            "value": "linear-gradient(90deg, #34343400 0%, #434343 50%, #34343400 100%)",
            "type": "color"
          },
          "hover": {
            "value": "linear-gradient(90deg, #f1e6d200 0%, #f1e6d2 50%, #f1e6d200 100%)",
            "type": "color"
          }
        },
        "circle": {
          "default": {
            "value": "linear-gradient(270deg, #2b2a2b 0%, #434343 50%, #2b2a2b 100%)",
            "type": "color"
          },
          "hover": {
            "value": "#f1e6d2",
            "type": "color"
          }
        },
        "outline": {
          "default": {
            "value": "linear-gradient(180deg,#f1e6d2 0%, #d4bb93 115%)",
            "type": "color"
          },
          "dissabled": {
            "value": "#434343",
            "type": "color"
          }
        }
      },
      "radio": {
        "unchecked": {
          "default": {
            "value": "#d4bb93",
            "type": "color"
          },
          "hover": {
            "value": "#bb9370",
            "type": "color"
          },
          "pressed": {
            "value": "#e7d5b9",
            "type": "color"
          },
          "disabled": {
            "value": "#434343",
            "type": "color"
          }
        },
        "checked": {
          "default": {
            "value": "#d4bb93",
            "type": "color"
          },
          "hover": {
            "value": "#bb9370",
            "type": "color"
          },
          "pressed": {
            "value": "#e7d5b9",
            "type": "color"
          },
          "disabled": {
            "value": "#434343",
            "type": "color"
          }
        }
      },
      "input": {
        "primary": {
          "default": {
            "value": "linear-gradient(180deg, #434343 0%, #343434 100%)",
            "type": "color"
          },
          "hover": {
            "value": "linear-gradient(180deg, #f1e6d2 0%, #d4bb93 100%)",
            "type": "color"
          },
          "filled": {
            "value": "linear-gradient(180deg, #f1e6d2 0%, #d4bb93 100%)",
            "type": "color"
          },
          "error": {
            "value": "linear-gradient(180deg, #ED1A4C 0%, #9E1334 100%)",
            "type": "color"
          }
        }
      }
    }
  },
  "shadow": {
    "dropshadow": {
      "primary": {
        "value": {
          "x": 0,
          "y": 2,
          "blur": 0,
          "spread": 0,
          "color": "#12101166",
          "type": "dropShadow"
        },
        "type": "boxShadow"
      }
    },
    "innershadow": {
      "primary": {
        "value": {
          "x": 0,
          "y": -1,
          "blur": 0,
          "spread": 0,
          "color": "#d4bb93",
          "type": "innerShadow"
        },
        "type": "boxShadow"
      }
    }
  },
  "font": {
    "family": {
      "goldman": {
        "value": "Goldman",
        "type": "fontFamilies"
      }
    },
    "size": {
      "header": {
        "14": {
          "desktop": {
            "value": 14,
            "type": "fontSizes"
          }
        },
        "16": {
          "desktop": {
            "value": 16,
            "type": "fontSizes"
          }
        },
        "18": {
          "desktop": {
            "value": 18,
            "type": "fontSizes"
          }
        },
        "24": {
          "desktop": {
            "value": 24,
            "type": "fontSizes"
          }
        },
        "40": {
          "desktop": {
            "value": 40,
            "type": "fontSizes"
          }
        }
      },
      "body": {
        "12": {
          "desctop": {
            "value": 12,
            "type": "fontSizes"
          }
        },
        "14": {
          "desktop": {
            "value": 14,
            "type": "fontSizes"
          }
        }
      },
      "button": {
        "desctop": {
          "value": 14,
          "type": "fontSizes"
        }
      }
    },
    "weight": {
      "400": {
        "value": 400,
        "type": "fontWeights"
      }
    },
    "case": {
      "uppercase": {
        "value": "uppercase",
        "type": "textCase"
      },
      "none": {
        "value": "none",
        "type": "textCase"
      }
    },
    "lineheight": {
      "header": {
        "14": {
          "desktop": {
            "value": 20,
            "type": "lineHeights"
          }
        },
        "16": {
          "desktop": {
            "value": 24,
            "type": "lineHeights"
          }
        },
        "18": {
          "desktop": {
            "value": 28,
            "type": "lineHeights"
          }
        },
        "24": {
          "desktop": {
            "value": 36,
            "type": "lineHeights"
          }
        },
        "40": {
          "desktop": {
            "value": 60,
            "type": "lineHeights"
          }
        }
      },
      "body": {
        "12": {
          "desktop": {
            "value": 14,
            "type": "lineHeights"
          }
        },
        "14": {
          "desktop": {
            "value": 18,
            "type": "lineHeights"
          }
        }
      },
      "button": {
        "desktop": {
          "value": 18,
          "type": "lineHeights"
        }
      }
    },
    "spacing": {
      "1": {
        "value": 1,
        "type": "letterSpacing"
      },
      "3": {
        "value": 3,
        "type": "letterSpacing"
      }
    }
  }
}