{
  "global": {
    "black": {
      "value": "#121011",
      "type": "color",
      "alias": "isAlias"
    },
    "dark": {
      "value": "#1b191a",
      "type": "color",
      "alias": "isAlias"
    },
    "medium-dark": {
      "value": "#2b2a2b",
      "type": "color",
      "alias": "isAlias"
    },
    "light-dark": {
      "value": "#343434",
      "type": "color",
      "alias": "isAlias"
    },
    "gray": {
      "value": "#434343",
      "type": "color",
      "alias": "isAlias"
    },
    "clash-gold": {
      "value": "#bb9370",
      "type": "color",
      "alias": "isAlias"
    },
    "gold": {
      "value": "#d4bb93",
      "type": "color",
      "alias": "isAlias"
    },
    "light-gold": {
      "value": "#e7d5b9",
      "type": "color",
      "alias": "isAlias"
    },
    "eggshell": {
      "value": "#f1e6d2",
      "type": "color",
      "alias": "isAlias"
    },
    "off-white": {
      "value": "#fff7eb",
      "type": "color",
      "alias": "isAlias"
    },
    "marsala": {
      "value": "#9E1334",
      "type": "color",
      "alias": "isAlias"
    },
    "red": {
      "value": "#D00132",
      "type": "color",
      "alias": "isAlias"
    },
    "ruby": {
      "value": "#ED1A4C",
      "type": "color",
      "alias": "isAlias"
    },
    "blue": {
      "value": "#127BAD",
      "type": "color",
      "alias": "isAlias"
    },
    "sky": {
      "value": "#57B5E3",
      "type": "color",
      "alias": "isAlias"
    },
    "color": {
      "text": {
        "primary": {
          "value": "{light-gold}",
          "type": "color"
        },
        "secondary": {
          "value": "rgba($light-gold,0.6)",
          "type": "color"
        },
        "tertiary": {
          "value": "{gray}",
          "type": "color"
        },
        "button": {
          "solid": {
            "disabled": {
              "value": "$gray",
              "type": "color"
            },
            "default": {
              "value": "$light-gold",
              "type": "color"
            }
          },
          "outline": {
            "default": {
              "value": "$light-gold",
              "type": "color"
            },
            "dissabled": {
              "value": "$gray",
              "type": "color"
            }
          }
        },
        "badge": {
          "primary": {
            "value": "$light-gold",
            "type": "color"
          }
        },
        "timer": {
          "primary": {
            "value": "$light-gold",
            "type": "color"
          }
        },
        "input": {
          "primary": {
            "default": {
              "value": "rgba($light-gold,0.6)",
              "type": "color"
            },
            "filled": {
              "value": "$light-gold",
              "type": "color"
            },
            "disabled": {
              "value": "$gray",
              "type": "color"
            },
            "error": {
              "value": "$ruby",
              "type": "color"
            }
          }
        },
        "dropdown": {
          "primary": {
            "active": {
              "value": "$light-gold",
              "type": "color"
            },
            "disabled": {
              "value": "rgba($light-gold,0.4)",
              "type": "color"
            },
            "default": {
              "value": "$light-gold",
              "type": "color"
            }
          }
        }
      },
      "background": {
        "button": {
          "solid": {
            "default": {
              "value": "linear-gradient(360deg, $light-dark 0%, rgba($light-dark, 0) 100%)",
              "type": "color"
            },
            "hover": {
              "value": "linear-gradient(180deg, rgba($light-dark, 0) 0%, $clash-gold 100%)",
              "type": "color"
            },
            "pressed": {
              "value": "linear-gradient(180deg, $dark 0%, $clash-gold 100%)",
              "type": "color"
            }
          },
          "circle": {
            "default": {
              "value": "$black",
              "type": "color"
            },
            "active": {
              "value": "linear-gradient(360deg, $black 0%, $light-dark 100%)",
              "type": "color"
            }
          },
          "outline": {
            "default": {
              "value": "linear-gradient(360deg,$black 0%, $light-dark 115%)",
              "type": "color"
            },
            "hover": {
              "value": "linear-gradient(180deg, rgba($light-dark, 0) 0%, $clash-gold 100%)",
              "type": "color"
            },
            "pressed": {
              "value": "linear-gradient(180deg, $dark 0%, $clash-gold 100%)",
              "type": "color"
            },
            "dissabled": {
              "value": "linear-gradient(360deg, $dark 0%, $light-dark 100%)",
              "type": "color"
            }
          }
        },
        "icon": {
          "primary": {
            "default": {
              "value": "linear-gradient(180deg, $off-white 0%, $gold 100%)",
              "type": "color"
            },
            "disabled": {
              "value": "$gray",
              "type": "color"
            }
          }
        },
        "badge": {
          "primary": {
            "value": "linear-gradient(180deg, rgba($light-dark, 0) 0%, $clash-gold 100%)",
            "type": "color"
          },
          "secondary": {
            "value": "linear-gradient(180deg, rgba($light-dark, 0) 0%, $light-dark 100%)",
            "type": "color"
          }
        },
        "primary": {
          "value": "$black",
          "type": "color"
        },
        "additional": {
          "value": "linear-gradient(180deg, rgba($black, 0) 0%, $medium-dark 100%)",
          "type": "color"
        },
        "divider": {
          "secondary": {
            "value": "linear-gradient(270deg, $black 0%, $gray 50%, $black 100%)",
            "type": "color"
          },
          "additional": {
            "value": "$light-dark",
            "type": "color"
          },
          "primary": {
            "value": "linear-gradient(270deg, rgba($eggshell, 0) 35%, $eggshell 50%, rgba($eggshell, 0) 65%)",
            "type": "color"
          },
          "accent": {
            "value": "linear-gradient(270deg, rgba($eggshell, 0) 0%, $eggshell 50%, rgba($eggshell, 0) 100%)",
            "type": "color"
          }
        },
        "timer": {
          "default": {
            "value": "linear-gradient(180deg, $off-white 0%, $gold 100%)",
            "type": "color"
          },
          "warning": {
            "value": "linear-gradient(180deg, $ruby 0%, $red 100%)",
            "type": "color"
          }
        },
        "radio": {
          "unchecked": {
            "default": {
              "value": "linear-gradient(360deg, $black 0%, $light-dark 100%)",
              "type": "color"
            }
          },
          "checked": {
            "default": {
              "value": "linear-gradient(360deg, $black 0%, $light-dark 100%)",
              "type": "color"
            }
          },
          "circle": {
            "checked": {
              "default": {
                "value": "$light-gold",
                "type": "color"
              },
              "hover": {
                "value": "$gold",
                "type": "color"
              },
              "pressed": {
                "value": "$light-gold",
                "type": "color"
              },
              "disabled": {
                "value": "$gray",
                "type": "color"
              }
            }
          }
        },
        "toggle": {
          "unchecked": {
            "default": {
              "value": "$gray",
              "type": "color"
            }
          },
          "circle": {
            "unchecked": {
              "default": {
                "value": "linear-gradient(180deg, $off-white 0%, $gold 100%)",
                "type": "color"
              },
              "hover": {
                "value": "linear-gradient(180deg, $off-white 0%, $clash-gold 100%)",
                "type": "color"
              },
              "pressed": {
                "value": "linear-gradient(180deg, $off-white 0%, $light-gold 100%)",
                "type": "color"
              },
              "disabled": {
                "value": "linear-gradient(360deg, $gray 0%, $light-dark 100%)",
                "type": "color"
              }
            },
            "checked": {
              "default": {
                "value": "linear-gradient(180deg, $off-white 0%, $gold 100%)",
                "type": "color"
              },
              "hover": {
                "value": "linear-gradient(180deg, $off-white 0%, $clash-gold 100%)",
                "type": "color"
              },
              "pressed": {
                "value": "linear-gradient(180deg, $off-white 0%, $light-gold 100%)",
                "type": "color"
              },
              "disabled": {
                "value": "linear-gradient(360deg, $gray 0%, $light-dark 100%)",
                "type": "color"
              }
            }
          },
          "checked": {
            "default": {
              "value": "$gold",
              "type": "color"
            },
            "disabled": {
              "value": "$gray",
              "type": "color"
            }
          }
        },
        "slider": {
          "default": {
            "value": "$gray",
            "type": "color"
          },
          "active": {
            "value": "$gold",
            "type": "color"
          },
          "handle": {
            "default": {
              "value": "linear-gradient(180deg, $off-white 0%, $gold 100%)",
              "type": "color"
            },
            "hover": {
              "value": "linear-gradient(180deg, $off-white 0%, $clash-gold 100%)",
              "type": "color"
            },
            "pressed": {
              "value": "linear-gradient(180deg, $off-white 0%, $light-gold 100%)",
              "type": "color"
            }
          }
        },
        "modal": {
          "body": {
            "value": "linear-gradient(180deg, $black 40%, rgba($light-dark,0.2) 100%)",
            "type": "color"
          },
          "header": {
            "value": "linear-gradient(360deg, $black 0%, $light-dark 100%)",
            "type": "color"
          }
        },
        "toast": {
          "primary": {
            "value": "linear-gradient(90deg, rgba($black, 0) 0%, rgba($black, 1) 25%, rgba($black, 1) 65%, rgba($black, 0) 100%)",
            "type": "color"
          },
          "secondary": {
            "value": "linear-gradient(90deg, rgba($black, 0) 0%, rgba($black, 0.8) 50%, rgba($black, 0) 100%)",
            "type": "color"
          }
        },
        "input": {
          "primary": {
            "default": {
              "value": "linear-gradient(360deg, $black 0%, $light-dark 100%)",
              "type": "color"
            }
          }
        },
        "dropdown": {
          "primary": {
            "default": {
              "value": "$light-dark",
              "type": "color"
            },
            "active": {
              "value": "rgba($black, 0.6)",
              "type": "color"
            },
            "hover": {
              "value": "rgba($black, 0.6)",
              "type": "color"
            }
          }
        }
      },
      "border": {
        "button": {
          "solid": {
            "default": {
              "value": "linear-gradient(90deg, rgba($light-dark,0) 0%, $gray 50%, rgba($light-dark,0) 100%)",
              "type": "color"
            },
            "hover": {
              "value": "linear-gradient(90deg, rgba($eggshell,0) 0%, $eggshell 50%, rgba($eggshell,0) 100%)",
              "type": "color"
            }
          },
          "circle": {
            "default": {
              "value": "linear-gradient(270deg, $medium-dark 0%, $gray 50%, $medium-dark 100%)",
              "type": "color"
            },
            "hover": {
              "value": "$eggshell",
              "type": "color"
            }
          },
          "outline": {
            "default": {
              "value": "linear-gradient(180deg,$eggshell 0%, $gold 115%)",
              "type": "color"
            },
            "dissabled": {
              "value": "$gray",
              "type": "color"
            }
          }
        },
        "radio": {
          "unchecked": {
            "default": {
              "value": "$gold",
              "type": "color"
            },
            "hover": {
              "value": "$clash-gold",
              "type": "color"
            },
            "pressed": {
              "value": "$light-gold",
              "type": "color"
            },
            "disabled": {
              "value": "$gray",
              "type": "color"
            }
          },
          "checked": {
            "default": {
              "value": "$gold",
              "type": "color"
            },
            "hover": {
              "value": "$clash-gold",
              "type": "color"
            },
            "pressed": {
              "value": "$light-gold",
              "type": "color"
            },
            "disabled": {
              "value": "$gray",
              "type": "color"
            }
          }
        },
        "input": {
          "primary": {
            "default": {
              "value": "linear-gradient(180deg, $gray 0%, $light-dark 100%)",
              "type": "color"
            },
            "hover": {
              "value": "linear-gradient(180deg, $eggshell 0%, $gold 100%)",
              "type": "color"
            },
            "filled": {
              "value": "linear-gradient(180deg, $eggshell 0%, $gold 100%)",
              "type": "color"
            },
            "error": {
              "value": "linear-gradient(180deg, $ruby 0%, $marsala 100%)",
              "type": "color"
            }
          }
        }
      }
    },
    "shadow": {
      "dropshadow": {
        "primary": {
          "value": {
            "x": "0",
            "y": "2",
            "blur": "0",
            "spread": "0",
            "color": "rgba($black, 0.4)",
            "type": "dropShadow"
          },
          "type": "boxShadow"
        }
      },
      "innershadow": {
        "primary": {
          "value": {
            "x": "0",
            "y": "-1",
            "blur": "0",
            "spread": "0",
            "color": "$gold",
            "type": "innerShadow"
          },
          "type": "boxShadow"
        }
      }
    },
    "font": {
      "family": {
        "goldman": {
          "value": "Goldman",
          "type": "fontFamilies"
        }
      },
      "size": {
        "header": {
          "14": {
            "desktop": {
              "value": "14",
              "type": "fontSizes"
            }
          },
          "16": {
            "desktop": {
              "value": "16",
              "type": "fontSizes"
            }
          },
          "18": {
            "desktop": {
              "value": "18",
              "type": "fontSizes"
            }
          },
          "24": {
            "desktop": {
              "value": "24",
              "type": "fontSizes"
            }
          },
          "40": {
            "desktop": {
              "value": "40",
              "type": "fontSizes"
            }
          }
        },
        "body": {
          "12": {
            "desctop": {
              "value": "12",
              "type": "fontSizes"
            }
          },
          "14": {
            "desktop": {
              "value": "14",
              "type": "fontSizes"
            }
          }
        },
        "button": {
          "desctop": {
            "value": "14",
            "type": "fontSizes"
          }
        }
      },
      "weight": {
        "400": {
          "value": "400",
          "type": "fontWeights"
        }
      },
      "case": {
        "uppercase": {
          "value": "uppercase",
          "type": "textCase"
        },
        "none": {
          "value": "none",
          "type": "textCase"
        }
      },
      "lineheight": {
        "header": {
          "14": {
            "desktop": {
              "value": "20",
              "type": "lineHeights"
            }
          },
          "16": {
            "desktop": {
              "value": "{font.size.header.16.desktop}*1.5",
              "type": "lineHeights"
            }
          },
          "18": {
            "desktop": {
              "value": "28",
              "type": "lineHeights"
            }
          },
          "24": {
            "desktop": {
              "value": "{font.size.header.24.desktop}*1.5",
              "type": "lineHeights"
            }
          },
          "40": {
            "desktop": {
              "value": "{font.size.header.40.desktop}*1.5",
              "type": "lineHeights"
            }
          }
        },
        "body": {
          "12": {
            "desktop": {
              "value": "14",
              "type": "lineHeights"
            }
          },
          "14": {
            "desktop": {
              "value": "18",
              "type": "lineHeights"
            }
          }
        },
        "button": {
          "desktop": {
            "value": "18",
            "type": "lineHeights"
          }
        }
      },
      "spacing": {
        "1": {
          "value": "1",
          "type": "letterSpacing"
        },
        "3": {
          "value": "3",
          "type": "letterSpacing"
        }
      }
    }
  },
  "$themes": [],
  "$metadata": {
    "tokenSetOrder": [
      "global"
    ]
  }
}